{
  "ckpt": "checkpoints/film_self_k2_2_28_30L_217M.pt",
  "T": 512,
  "n_chunks": 16,
  "n_eval_tokens": 8192,
  "config": {
    "d_model": 576,
    "n_layers": 30,
    "feedback_pairs": [
      [
        2,
        28
      ]
    ],
    "feedback_mode": "film",
    "feedback_self_k": 2
  },
  "training_protocol": {
    "ce": 3.8443028926849365,
    "ppl": 46.72609988876144,
    "n_tokens": 8192,
    "elapsed_s": 0.522250534966588
  },
  "self_consistency": {
    "feedback_self_k": 2,
    "n_batches": 4,
    "abs_norm_mean": 4134.241516113281,
    "final_norm_mean": 11213.232177734375,
    "rel_norm_mean": 0.36886779650690865
  },
  "2pass": {
    "ce": 3.8443028926849365,
    "ppl": 46.72609988876144,
    "n_tokens": 8192,
    "elapsed_s": 0.1616017509950325
  },
  "lagged_cached": {
    "ce": 3.84453883767128,
    "ppl": 46.737125978485714,
    "n_tokens": 8192,
    "elapsed_s": 104.39066834107507
  },
  "gap": {
    "lc_vs_training_abs": 0.011026089724275323,
    "lc_vs_training_rel": 0.0002359728235509619,
    "lc_vs_2pass_abs": 0.011026089724275323,
    "lc_vs_2pass_rel": 0.0002359728235509619
  }
}