{
  "ckpt": "checkpoints/film_sparse_2_28_30L_135M_code.pt",
  "T": 512,
  "n_chunks": 16,
  "n_eval_tokens": 8192,
  "config": {
    "d_model": 576,
    "n_layers": 30,
    "feedback_pairs": [
      [
        2,
        28
      ]
    ],
    "feedback_mode": "film",
    "feedback_self_k": 0
  },
  "training_protocol": {
    "ce": 3.8158193230628967,
    "ppl": 45.413949840619445,
    "n_tokens": 8192,
    "elapsed_s": 0.5200250559719279
  },
  "self_consistency": {
    "feedback_self_k": 0,
    "note": "no self-feeding; skipped"
  },
  "2pass": {
    "ce": 3.8158193230628967,
    "ppl": 45.413949840619445,
    "n_tokens": 8192,
    "elapsed_s": 0.16540526098106056
  },
  "lagged_cached": {
    "ce": 3.8241343945264816,
    "ppl": 45.79314440915258,
    "n_tokens": 8192,
    "elapsed_s": 103.77279385202564
  },
  "gap": {
    "lc_vs_training_abs": 0.37919456853313704,
    "lc_vs_training_rel": 0.008349737687735219,
    "lc_vs_2pass_abs": 0.37919456853313704,
    "lc_vs_2pass_rel": 0.008349737687735219
  }
}