{
  "decode": {
    "FILMP1_T=512": {
      "median_ms": 13.686942518688738,
      "p95_ms": 13.875066977925599,
      "n_steps": 120
    },
    "FILMP2_T=512": {
      "median_ms": 14.29142348933965,
      "p95_ms": 14.464338519610465,
      "n_steps": 120
    },
    "FILMP1_T=2048": {
      "median_ms": 13.630228990223259,
      "p95_ms": 13.78242495120503,
      "n_steps": 120
    },
    "FILMP2_T=2048": {
      "median_ms": 14.241583994589746,
      "p95_ms": 14.506219467148185,
      "n_steps": 120
    },
    "FILMP1_T=4096": {
      "median_ms": 13.71371850837022,
      "p95_ms": 13.951130461646244,
      "n_steps": 120
    },
    "FILMP2_T=4096": {
      "median_ms": 14.323714014608413,
      "p95_ms": 14.592715445905924,
      "n_steps": 120
    },
    "FILMP1_T=8192": {
      "median_ms": 13.730548496823758,
      "p95_ms": 14.5633629639633,
      "n_steps": 120
    },
    "FILMP2_T=8192": {
      "median_ms": 14.287215541116893,
      "p95_ms": 14.589005266316233,
      "n_steps": 120
    },
    "FILM2POV_T=512": {
      "median_ms": 27.848790516145527,
      "p95_ms": 28.302849526517093,
      "n_steps": 120
    },
    "FILM2POV_T=2048": {
      "median_ms": 27.75130153167993,
      "p95_ms": 28.089664969593287,
      "n_steps": 120
    },
    "FILM2POV_T=4096": {
      "median_ms": 27.694092539604753,
      "p95_ms": 28.704453440150246,
      "n_steps": 120
    },
    "FILM2POV_T=8192": {
      "median_ms": 27.86399150500074,
      "p95_ms": 28.75098646618426,
      "n_steps": 120
    }
  },
  "prefill": {
    "FILM2POV_T=512": {
      "median_secs": 0.04692052199970931,
      "p95_secs": 0.04782759821973741,
      "median_tok_per_s": 10912.06956314706
    },
    "FILM2POV_T=2048": {
      "median_secs": 0.09849553206004202,
      "p95_secs": 0.0985397219657898,
      "median_tok_per_s": 20792.82133073363
    },
    "FILM2POV_T=4096": {
      "median_secs": 0.19756407395470887,
      "p95_secs": 0.1977745700394735,
      "median_tok_per_s": 20732.51435855184
    },
    "FILM2POV_T=8192": {
      "median_secs": 0.3956905830418691,
      "p95_secs": 0.396375465975143,
      "median_tok_per_s": 20703.04513446857
    }
  },
  "memory": {},
  "validation": {
    "overlap_vs_sequential": {
      "T_prefill": 512,
      "n_decode": 64,
      "tokens_match": 65,
      "tokens_total": 65,
      "max_logit_diff_overall": 0.0,
      "tokens_seq": [
        30,
        448,
        1620,
        448,
        639,
        30,
        5848,
        24,
        771,
        30,
        726,
        79,
        6311,
        5586,
        216,
        32,
        25,
        448,
        639,
        30,
        5848,
        24,
        771,
        30,
        726,
        79,
        6311,
        5586,
        216,
        32,
        25,
        448,
        639,
        30,
        5848,
        24,
        771,
        30,
        726,
        79,
        6311,
        5586,
        216,
        32,
        25,
        448,
        639,
        30,
        5848,
        24,
        771,
        30,
        726,
        79,
        6311,
        5586,
        216,
        32,
        25,
        448,
        639,
        30,
        5848,
        24,
        771
      ],
      "tokens_overlap": [
        30,
        448,
        1620,
        448,
        639,
        30,
        5848,
        24,
        771,
        30,
        726,
        79,
        6311,
        5586,
        216,
        32,
        25,
        448,
        639,
        30,
        5848,
        24,
        771,
        30,
        726,
        79,
        6311,
        5586,
        216,
        32,
        25,
        448,
        639,
        30,
        5848,
        24,
        771,
        30,
        726,
        79,
        6311,
        5586,
        216,
        32,
        25,
        448,
        639,
        30,
        5848,
        24,
        771,
        30,
        726,
        79,
        6311,
        5586,
        216,
        32,
        25,
        448,
        639,
        30,
        5848,
        24,
        771
      ]
    }
  }
}