{
  "ckpt": "checkpoints/film_self_k3_surprise_2_28_30L_217M.pt",
  "T": 512,
  "n_chunks": 16,
  "n_eval_tokens": 8192,
  "config": {
    "d_model": 576,
    "n_layers": 30,
    "feedback_pairs": [
      [
        2,
        28
      ]
    ],
    "feedback_mode": "film",
    "feedback_self_k": 3,
    "feedback_alpha_mode": "surprise_modulated"
  },
  "training_protocol": {
    "ce": 3.834096372127533,
    "ppl": 46.25161453100081,
    "n_tokens": 8192,
    "elapsed_s": 0.6169702280312777
  },
  "self_consistency": {
    "feedback_self_k": 3,
    "n_batches": 4,
    "abs_norm_mean": 1884.6643676757812,
    "final_norm_mean": 11219.736083984375,
    "rel_norm_mean": 0.16827342732112782
  },
  "surprise_alpha_distribution": {
    "feedback_alpha_mode": "surprise_modulated",
    "per_target": {
      "2": {
        "surprise": {
          "mean": 103.12884521484375,
          "std": 31.943578720092773,
          "min": 0.0,
          "max": 317.1244812011719,
          "p5": 60.58151130676269,
          "p25": 82.06060028076172,
          "p50": 98.34343719482422,
          "p75": 120.03241539001465,
          "p95": 160.89713745117186,
          "n": 8192
        },
        "alpha_t": {
          "mean": 0.04582405090332031,
          "std": 0.007556350436061621,
          "min": 0.01796034723520279,
          "max": 0.07856709510087967,
          "p5": 0.03548340182751417,
          "p25": 0.04056074749678373,
          "p50": 0.04477941617369652,
          "p75": 0.050160424783825874,
          "p95": 0.059832866117358205,
          "n": 8192
        },
        "surprise_hist_ascii": "  surprise(t) histogram (n=8192, min=0.0000, max=317.1245):\n      0.0000 \u2013  15.8562 |     17 \n     15.8562 \u2013  31.7124 |     19 \n     31.7124 \u2013  47.5687 |     84 \u2588\n     47.5687 \u2013  63.4249 |    398 \u2588\u2588\u2588\u2588\u2588\u2588\u2588\u2588\n     63.4249 \u2013  79.2811 |   1204 \u2588\u2588\u2588\u2588\u2588\u2588\u2588\u2588\u2588\u2588\u2588\u2588\u2588\u2588\u2588\u2588\u2588\u2588\u2588\u2588\u2588\u2588\u2588\u2588\n     79.2811 \u2013  95.1373 |   1968 \u2588\u2588\u2588\u2588\u2588\u2588\u2588\u2588\u2588\u2588\u2588\u2588\u2588\u2588\u2588\u2588\u2588\u2588\u2588\u2588\u2588\u2588\u2588\u2588\u2588\u2588\u2588\u2588\u2588\u2588\u2588\u2588\u2588\u2588\u2588\u2588\u2588\u2588\u2588\u2588\n     95.1373 \u2013 110.9936 |   1745 \u2588\u2588\u2588\u2588\u2588\u2588\u2588\u2588\u2588\u2588\u2588\u2588\u2588\u2588\u2588\u2588\u2588\u2588\u2588\u2588\u2588\u2588\u2588\u2588\u2588\u2588\u2588\u2588\u2588\u2588\u2588\u2588\u2588\u2588\u2588\n    110.9936 \u2013 126.8498 |   1178 \u2588\u2588\u2588\u2588\u2588\u2588\u2588\u2588\u2588\u2588\u2588\u2588\u2588\u2588\u2588\u2588\u2588\u2588\u2588\u2588\u2588\u2588\u2588\n    126.8498 \u2013 142.7060 |    732 \u2588\u2588\u2588\u2588\u2588\u2588\u2588\u2588\u2588\u2588\u2588\u2588\u2588\u2588\n    142.7060 \u2013 158.5622 |    384 \u2588\u2588\u2588\u2588\u2588\u2588\u2588\n    158.5622 \u2013 174.4185 |    222 \u2588\u2588\u2588\u2588\n    174.4185 \u2013 190.2747 |    118 \u2588\u2588\n    190.2747 \u2013 206.1309 |     55 \u2588\n    206.1309 \u2013 221.9871 |     33 \n    221.9871 \u2013 237.8434 |     13 \n    237.8434 \u2013 253.6996 |      7 \n    253.6996 \u2013 269.5558 |      9 \n    269.5558 \u2013 285.4120 |      0 \n    285.4120 \u2013 301.2683 |      2 \n    301.2683 \u2013 317.1245 |      4 ",
        "alpha_t_hist_ascii": "  \u03b1(t) histogram (n=8192, min=0.0180, max=0.0786):\n      0.0180 \u2013   0.0210 |      8 \n      0.0210 \u2013   0.0240 |      9 \n      0.0240 \u2013   0.0271 |      9 \n      0.0271 \u2013   0.0301 |     33 \n      0.0301 \u2013   0.0331 |    100 \u2588\u2588\n      0.0331 \u2013   0.0361 |    371 \u2588\u2588\u2588\u2588\u2588\u2588\u2588\u2588\u2588\n      0.0361 \u2013   0.0392 |    927 \u2588\u2588\u2588\u2588\u2588\u2588\u2588\u2588\u2588\u2588\u2588\u2588\u2588\u2588\u2588\u2588\u2588\u2588\u2588\u2588\u2588\u2588\u2588\u2588\n      0.0392 \u2013   0.0422 |   1353 \u2588\u2588\u2588\u2588\u2588\u2588\u2588\u2588\u2588\u2588\u2588\u2588\u2588\u2588\u2588\u2588\u2588\u2588\u2588\u2588\u2588\u2588\u2588\u2588\u2588\u2588\u2588\u2588\u2588\u2588\u2588\u2588\u2588\u2588\u2588\n      0.0422 \u2013   0.0452 |   1511 \u2588\u2588\u2588\u2588\u2588\u2588\u2588\u2588\u2588\u2588\u2588\u2588\u2588\u2588\u2588\u2588\u2588\u2588\u2588\u2588\u2588\u2588\u2588\u2588\u2588\u2588\u2588\u2588\u2588\u2588\u2588\u2588\u2588\u2588\u2588\u2588\u2588\u2588\u2588\u2588\n      0.0452 \u2013   0.0483 |   1212 \u2588\u2588\u2588\u2588\u2588\u2588\u2588\u2588\u2588\u2588\u2588\u2588\u2588\u2588\u2588\u2588\u2588\u2588\u2588\u2588\u2588\u2588\u2588\u2588\u2588\u2588\u2588\u2588\u2588\u2588\u2588\u2588\n      0.0483 \u2013   0.0513 |    917 \u2588\u2588\u2588\u2588\u2588\u2588\u2588\u2588\u2588\u2588\u2588\u2588\u2588\u2588\u2588\u2588\u2588\u2588\u2588\u2588\u2588\u2588\u2588\u2588\n      0.0513 \u2013   0.0543 |    649 \u2588\u2588\u2588\u2588\u2588\u2588\u2588\u2588\u2588\u2588\u2588\u2588\u2588\u2588\u2588\u2588\u2588\n      0.0543 \u2013   0.0574 |    418 \u2588\u2588\u2588\u2588\u2588\u2588\u2588\u2588\u2588\u2588\u2588\n      0.0574 \u2013   0.0604 |    306 \u2588\u2588\u2588\u2588\u2588\u2588\u2588\u2588\n      0.0604 \u2013   0.0634 |    170 \u2588\u2588\u2588\u2588\n      0.0634 \u2013   0.0664 |    101 \u2588\u2588\n      0.0664 \u2013   0.0695 |     58 \u2588\n      0.0695 \u2013   0.0725 |     22 \n      0.0725 \u2013   0.0755 |     13 \n      0.0755 \u2013   0.0786 |      5 ",
        "surprise_hist": [
          16,
          1,
          5,
          14,
          24,
          60,
          139,
          259,
          496,
          708,
          974,
          994,
          951,
          794,
          634,
          544,
          409,
          323,
          214,
          170,
          136,
          86,
          63,
          55,
          32,
          23,
          19,
          14,
          7,
          6,
          5,
          2,
          8,
          1,
          0,
          0,
          1,
          1,
          1,
          3
        ],
        "surprise_hist_edges": [
          0.0,
          7.928112030029297,
          15.856224060058594,
          23.78433609008789,
          31.712448120117188,
          39.640560150146484,
          47.56867218017578,
          55.49678421020508,
          63.424896240234375,
          71.35300827026367,
          79.28112030029297,
          87.20923233032227,
          95.13734436035156,
          103.06545639038086,
          110.99356842041016,
          118.92168045043945,
          126.84979248046875,
          134.77790451049805,
          142.70601654052734,
          150.63412857055664,
          158.56224060058594,
          166.49035263061523,
          174.41846466064453,
          182.34657669067383,
          190.27468872070312,
          198.20280075073242,
          206.13091278076172,
          214.05902481079102,
          221.9871368408203,
          229.9152488708496,
          237.8433609008789,
          245.7714729309082,
          253.6995849609375,
          261.6276969909668,
          269.5558090209961,
          277.4839210510254,
          285.4120330810547,
          293.340145111084,
          301.2682571411133,
          309.1963691711426,
          317.1244812011719
        ],