{
  "ckpt": "checkpoints/sparse_2_34_708M_muon.pt",
  "T": 512,
  "n_chunks": 64,
  "n_eval_tokens": 32768,
  "config": {
    "d_model": 1024,
    "n_layers": 36,
    "feedback_pairs": [
      [
        2,
        34
      ]
    ],
    "feedback_mode": "film"
  },
  "2pass": {
    "ce": 3.683931663632393,
    "ppl": 39.802577186848886,
    "n_tokens": 32768,
    "elapsed_s": 2.0976975120138377
  }
}