{
  "ckpt": "checkpoints/film_self_k3_2_28_30L_217M.pt",
  "T": 512,
  "n_chunks": 2,
  "n_eval_tokens": 1024,
  "config": {
    "d_model": 576,
    "n_layers": 30,
    "feedback_pairs": [
      [
        2,
        28
      ]
    ],
    "feedback_mode": "film",
    "feedback_self_k": 3
  },
  "training_protocol": {
    "ce": 3.2936272621154785,
    "ppl": 26.940406558197743,
    "n_tokens": 1024,
    "elapsed_s": 0.41786909790243953
  },
  "self_consistency": {
    "feedback_self_k": 3,
    "n_batches": 1,
    "abs_norm_mean": 962.557373046875,
    "final_norm_mean": 7994.21435546875,
    "rel_norm_mean": 0.12040675046302712
  },
  "2pass": {
    "ce": 3.3025546073913574,
    "ppl": 27.181989612623628,
    "n_tokens": 1024,
    "elapsed_s": 0.04016003606375307
  },
  "lagged_cached": {
    "ce": 3.2941086292266846,
    "ppl": 26.95337790561693,
    "n_tokens": 1024,
    "elapsed_s": 13.03865335707087
  },
  "gap": {
    "lc_vs_training_abs": 0.012971347419185264,
    "lc_vs_training_rel": 0.00048148298694617104,
    "lc_vs_2pass_abs": -0.2286117070066993,
    "lc_vs_2pass_rel": -0.008410411094430314
  }
}