{
  "ckpt": "checkpoints/film_self_k2_2_28_30L_217M.pt",
  "T": 512,
  "n_chunks": 2,
  "n_eval_tokens": 1024,
  "config": {
    "d_model": 576,
    "n_layers": 30,
    "feedback_pairs": [
      [
        2,
        28
      ]
    ],
    "feedback_mode": "film",
    "feedback_self_k": 2
  },
  "training_protocol": {
    "ce": 3.2849905490875244,
    "ppl": 26.708731891806522,
    "n_tokens": 1024,
    "elapsed_s": 0.3937570160487667
  },
  "self_consistency": {
    "feedback_self_k": 2,
    "n_batches": 1,
    "abs_norm_mean": 2608.228759765625,
    "final_norm_mean": 7948.2919921875,
    "rel_norm_mean": 0.32814959016720746
  },
  "2pass": {
    "ce": 3.2849905490875244,
    "ppl": 26.708731891806522,
    "n_tokens": 1024,
    "elapsed_s": 0.04047540598548949
  },
  "lagged_cached": {
    "ce": 3.2852824926376343,
    "ppl": 26.716530472131172,
    "n_tokens": 1024,
    "elapsed_s": 16.813682687003165
  },
  "gap": {
    "lc_vs_training_abs": 0.007798580324649862,
    "lc_vs_training_rel": 0.0002919861697755199,
    "lc_vs_2pass_abs": 0.007798580324649862,
    "lc_vs_2pass_rel": 0.0002919861697755199
  }
}